1.0,0.0,0.0,0.0,0.0,0.0,0.0,0.0,0.0,0.0,0.0,1.0,0.0,0.0,0.0,0.0,1.0,0.0,0.0,0.0,0.0,0.0,1.0,0.0,0.0,0.0,0.0,0.0,0.0,0.0,0.0,0.0,185.0,2086.0,0.0,2086.0,2086.0,0.0,0.0,19.0,0.0,0.0,4035.0,0.0,0.0,2086.0,13.0,0.0,0.0,4185.0,4767.0,0.0,0.0,0.0,0.0,0.0,0.0,0.0,0.0,0.0
1.0,0.0,0.0,0.0,0.0,0.0,1.0,1.0,1.0,1.0,1.0,1.0,0.0,1.0,0.0,0.0,1.0,0.0,0.0,0.0,1.0,0.0,1.0,0.0,0.0,0.0,0.0,0.0,0.0,0.0,0.0,0.0,317.0,17253.0,0.0,62383.0,126070.0,0.0,0.0,173.0,0.0,0.0,27056.0,0.0,0.0,55770.0,0.0,0.0,0.0,101500.0,177543.0,55770.0,0.0,0.0,0.0,0.0,0.0,0.0,0.0,0.0
1.0,0.0,0.0,0.0,0.0,0.0,0.0,1.0,1.0,0.0,0.0,1.0,0.0,0.0,0.0,0.0,0.0,0.0,0.0,0.0,0.0,0.0,1.0,0.0,0.0,0.0,0.0,1.0,0.0,0.0,0.0,0.0,130.0,69660.0,0.0,244036.0,247314.0,0.0,0.0,528.0,0.0,0.0,205822.0,0.0,0.0,135124.0,12.0,0.0,0.0,336626.0,492065.0,130574.0,0.0,135124.0,0.0,0.0,0.0,0.0,0.0,0.0
1.0,0.0,0.0,0.0,0.0,0.0,0.0,1.0,1.0,1.0,0.0,1.0,0.0,0.0,0.0,0.0,1.0,0.0,0.0,0.0,1.0,0.0,1.0,0.0,0.0,0.0,0.0,1.0,0.0,0.0,0.0,0.0,343.0,7736.0,0.0,10066.0,5060.0,0.0,0.0,171.0,0.0,0.0,26809.0,0.0,0.0,5033.0,123.0,0.0,0.0,11615.0,14817.0,0.0,0.0,3511.0,0.0,0.0,0.0,0.0,0.0,0.0
1.0,0.0,0.0,0.0,0.0,0.0,0.0,0.0,0.0,0.0,0.0,1.0,0.0,0.0,0.0,0.0,0.0,0.0,0.0,0.0,1.0,0.0,1.0,0.0,0.0,0.0,0.0,0.0,0.0,0.0,0.0,0.0,50.0,0.0,0.0,22843.0,141447.0,0.0,0.0,6.0,0.0,0.0,22167.0,0.0,0.0,47154.0,6.0,0.0,0.0,69999.0,117844.0,45698.0,0.0,0.0,0.0,0.0,0.0,0.0,0.0,0.0
1.0,0.0,0.0,0.0,0.0,0.0,0.0,0.0,0.0,0.0,0.0,1.0,0.0,0.0,0.0,1.0,0.0,0.0,0.0,0.0,0.0,0.0,0.0,0.0,0.0,0.0,0.0,0.0,0.0,0.0,0.0,0.0,13.0,0.0,0.0,5651.0,23315.0,0.0,0.0,86.0,0.0,0.0,5555.0,0.0,0.0,11330.0,0.0,0.0,0.0,16979.0,29021.0,11310.0,0.0,0.0,0.0,0.0,0.0,0.0,0.0,0.0
1.0,0.0,0.0,0.0,0.0,0.0,0.0,0.0,0.0,0.0,0.0,1.0,0.0,0.0,0.0,0.0,0.0,0.0,0.0,0.0,1.0,0.0,1.0,0.0,0.0,0.0,0.0,0.0,0.0,0.0,0.0,0.0,88.0,14386.0,0.0,100702.0,57551.0,0.0,0.0,12.0,0.0,0.0,28758.0,0.0,0.0,86318.0,12.0,0.0,0.0,215806.0,332306.0,115088.0,0.0,86318.0,0.0,0.0,0.0,0.0,0.0,0.0
1.0,0.0,0.0,0.0,0.0,0.0,0.0,0.0,0.0,0.0,0.0,1.0,0.0,0.0,0.0,0.0,1.0,0.0,0.0,0.0,1.0,0.0,1.0,0.0,0.0,0.0,0.0,0.0,0.0,0.0,0.0,0.0,44.0,134999.0,0.0,134954.0,29951.0,0.0,0.0,6.0,0.0,0.0,14379.0,0.0,0.0,135006.0,6.0,0.0,0.0,284990.0,526225.0,239918.0,0.0,134973.0,0.0,0.0,0.0,0.0,0.0,0.0
1.0,0.0,0.0,0.0,0.0,0.0,0.0,0.0,0.0,0.0,0.0,1.0,0.0,0.0,0.0,0.0,1.0,0.0,0.0,0.0,1.0,0.0,1.0,0.0,0.0,0.0,0.0,0.0,0.0,0.0,0.0,0.0,9264.0,9805.0,0.0,9805.0,9805.0,0.0,8794.0,31.0,0.0,0.0,28253.0,0.0,0.0,9805.0,8794.0,0.0,0.0,37636.0,30148.0,0.0,0.0,0.0,0.0,0.0,0.0,0.0,0.0,0.0
1.0,0.0,0.0,0.0,0.0,0.0,0.0,0.0,0.0,0.0,0.0,0.0,0.0,1.0,0.0,0.0,0.0,0.0,0.0,0.0,0.0,0.0,0.0,1.0,0.0,1.0,0.0,1.0,0.0,0.0,0.0,0.0,13198.0,0.0,0.0,14459.0,41450.0,0.0,10099.0,352.0,0.0,0.0,24550.0,0.0,0.0,14459.0,10099.0,0.0,0.0,10099.0,2538.0,0.0,0.0,0.0,0.0,0.0,0.0,0.0,0.0,0.0
1.0,0.0,0.0,0.0,0.0,0.0,0.0,1.0,0.0,0.0,0.0,1.0,0.0,0.0,0.0,0.0,1.0,0.0,0.0,0.0,0.0,0.0,1.0,0.0,0.0,0.0,0.0,1.0,0.0,0.0,0.0,0.0,170.0,0.0,0.0,4543.0,9081.0,0.0,0.0,66.0,0.0,0.0,10607.0,0.0,0.0,4544.0,6.0,0.0,0.0,11106.0,13828.0,0.0,0.0,0.0,0.0,0.0,0.0,0.0,0.0,0.0
1.0,0.0,0.0,0.0,0.0,0.0,0.0,0.0,0.0,1.0,0.0,1.0,0.0,0.0,0.0,0.0,0.0,0.0,0.0,0.0,0.0,0.0,0.0,0.0,0.0,0.0,0.0,1.0,1.0,0.0,0.0,0.0,358.0,0.0,0.0,18944.0,10750.0,0.0,0.0,336.0,0.0,0.0,56399.0,0.0,0.0,18944.0,55.0,0.0,0.0,5697.0,6175.0,0.0,0.0,0.0,18944.0,0.0,0.0,0.0,0.0,0.0
1.0,0.0,0.0,0.0,0.0,0.0,0.0,1.0,0.0,0.0,0.0,1.0,0.0,0.0,0.0,0.0,1.0,0.0,0.0,0.0,0.0,0.0,1.0,1.0,0.0,0.0,0.0,1.0,0.0,0.0,0.0,0.0,483.0,0.0,0.0,9801.0,4639.0,0.0,0.0,54.0,0.0,0.0,9161.0,0.0,0.0,4901.0,24.0,0.0,0.0,14726.0,16841.0,0.0,0.0,4901.0,0.0,0.0,0.0,0.0,0.0,0.0
1.0,0.0,0.0,0.0,0.0,0.0,0.0,0.0,0.0,0.0,0.0,1.0,0.0,0.0,0.0,0.0,1.0,0.0,0.0,0.0,0.0,0.0,1.0,0.0,0.0,0.0,0.0,0.0,0.0,0.0,0.0,0.0,164.0,0.0,0.0,2043.0,2043.0,0.0,0.0,12.0,0.0,0.0,1917.0,0.0,0.0,2043.0,12.0,0.0,0.0,4098.0,4799.0,0.0,0.0,0.0,0.0,0.0,0.0,0.0,0.0,0.0
1.0,0.0,0.0,0.0,0.0,0.0,0.0,0.0,0.0,1.0,1.0,1.0,0.0,0.0,0.0,0.0,0.0,0.0,0.0,0.0,0.0,0.0,1.0,0.0,0.0,0.0,0.0,0.0,0.0,0.0,0.0,0.0,58.0,0.0,0.0,16801.0,31718.0,0.0,0.0,19.0,0.0,0.0,31183.0,0.0,0.0,16801.0,6.0,0.0,0.0,6.0,1246.0,0.0,0.0,0.0,0.0,0.0,0.0,0.0,0.0,0.0
1.0,0.0,0.0,0.0,0.0,0.0,0.0,0.0,0.0,0.0,0.0,1.0,0.0,0.0,0.0,0.0,1.0,0.0,0.0,0.0,1.0,0.0,1.0,0.0,0.0,0.0,0.0,0.0,0.0,0.0,0.0,0.0,44.0,51850.0,0.0,17277.0,34535.0,0.0,0.0,6.0,0.0,86416.0,16671.0,0.0,0.0,51849.0,6.0,0.0,0.0,138264.0,191418.0,51840.0,0.0,0.0,0.0,0.0,0.0,0.0,0.0,0.0
1.0,0.0,0.0,0.0,0.0,0.0,0.0,0.0,0.0,0.0,0.0,1.0,0.0,0.0,0.0,0.0,1.0,0.0,0.0,0.0,0.0,0.0,0.0,0.0,0.0,0.0,0.0,1.0,0.0,0.0,0.0,0.0,15.0,0.0,0.0,12497.0,4165.0,0.0,0.0,6.0,0.0,0.0,3572.0,0.0,0.0,12499.0,0.0,0.0,0.0,29874.0,47842.0,16664.0,0.0,12498.0,0.0,0.0,0.0,0.0,0.0,0.0
1.0,0.0,0.0,0.0,0.0,0.0,0.0,0.0,0.0,0.0,0.0,1.0,0.0,0.0,0.0,0.0,1.0,0.0,0.0,0.0,1.0,0.0,1.0,0.0,0.0,0.0,0.0,0.0,0.0,0.0,0.0,0.0,44.0,6.0,0.0,28765.0,58145.0,0.0,0.0,6.0,0.0,14391.0,14379.0,0.0,0.0,29370.0,6.0,0.0,0.0,58141.0,88207.0,28764.0,0.0,0.0,0.0,0.0,0.0,0.0,0.0,0.0
1.0,0.0,0.0,0.0,0.0,0.0,0.0,1.0,0.0,0.0,0.0,1.0,0.0,0.0,0.0,0.0,1.0,0.0,0.0,0.0,0.0,0.0,1.0,0.0,0.0,0.0,0.0,1.0,0.0,0.0,0.0,0.0,204.0,214173.0,0.0,175557.0,131036.0,0.0,0.0,48.0,0.0,146579.0,209034.0,0.0,0.0,146579.0,24.0,0.0,0.0,145684.0,312802.0,142308.0,0.0,98322.0,0.0,0.0,0.0,0.0,0.0,0.0
1.0,0.0,0.0,0.0,0.0,0.0,0.0,1.0,0.0,1.0,0.0,1.0,0.0,0.0,0.0,0.0,1.0,0.0,0.0,0.0,0.0,0.0,1.0,0.0,0.0,0.0,0.0,1.0,0.0,0.0,0.0,0.0,157.0,0.0,0.0,15012.0,3974.0,0.0,0.0,60.0,0.0,0.0,19740.0,0.0,0.0,7506.0,6.0,0.0,0.0,23684.0,26883.0,0.0,0.0,7506.0,0.0,0.0,0.0,0.0,0.0,0.0
1.0,0.0,0.0,0.0,0.0,0.0,0.0,1.0,0.0,0.0,0.0,1.0,0.0,0.0,0.0,0.0,0.0,0.0,0.0,1.0,0.0,0.0,0.0,1.0,1.0,0.0,0.0,1.0,0.0,0.0,0.0,0.0,65.0,0.0,0.0,16938.0,19982.0,0.0,0.0,18.0,0.0,0.0,11384.0,0.0,0.0,8469.0,0.0,0.0,0.0,21941.0,24000.0,0.0,0.0,8469.0,0.0,0.0,0.0,0.0,0.0,0.0
1.0,0.0,0.0,0.0,0.0,0.0,0.0,1.0,0.0,0.0,0.0,1.0,0.0,0.0,0.0,0.0,0.0,0.0,0.0,0.0,0.0,0.0,1.0,0.0,0.0,0.0,0.0,0.0,0.0,0.0,0.0,0.0,51.0,0.0,0.0,54083.0,36058.0,0.0,0.0,12.0,0.0,0.0,18021.0,0.0,0.0,36059.0,6.0,0.0,0.0,18742.0,56216.0,36052.0,0.0,36058.0,0.0,0.0,0.0,0.0,0.0,0.0
1.0,0.0,0.0,0.0,0.0,0.0,1.0,1.0,0.0,0.0,0.0,1.0,0.0,0.0,0.0,0.0,1.0,0.0,0.0,0.0,0.0,1.0,1.0,0.0,0.0,0.0,1.0,1.0,0.0,0.0,0.0,0.0,64.0,0.0,0.0,52710.0,205981.0,0.0,0.0,18.0,0.0,0.0,48004.0,0.0,0.0,105615.0,6.0,0.0,0.0,158317.0,294126.0,105492.0,0.0,52454.0,0.0,0.0,0.0,0.0,0.0,0.0
1.0,0.0,0.0,0.0,0.0,0.0,0.0,1.0,1.0,1.0,0.0,1.0,0.0,0.0,0.0,0.0,0.0,0.0,0.0,0.0,0.0,0.0,0.0,0.0,0.0,0.0,0.0,0.0,0.0,0.0,0.0,0.0,13.0,0.0,0.0,3835.0,7137.0,0.0,0.0,6.0,0.0,0.0,1901.0,0.0,0.0,3835.0,0.0,0.0,0.0,3835.0,6481.0,0.0,0.0,0.0,0.0,0.0,0.0,0.0,0.0,0.0
1.0,0.0,0.0,0.0,0.0,0.0,0.0,1.0,0.0,0.0,0.0,1.0,0.0,0.0,0.0,0.0,1.0,0.0,0.0,0.0,1.0,1.0,1.0,0.0,0.0,0.0,0.0,0.0,0.0,0.0,0.0,0.0,151.0,0.0,0.0,3961.0,3704.0,0.0,68.0,92.0,0.0,0.0,21385.0,0.0,0.0,3961.0,74.0,0.0,0.0,4021.0,6592.0,0.0,0.0,0.0,0.0,0.0,0.0,0.0,0.0,0.0
1.0,0.0,0.0,0.0,0.0,0.0,0.0,0.0,1.0,1.0,0.0,1.0,0.0,0.0,0.0,0.0,1.0,0.0,0.0,0.0,1.0,0.0,1.0,0.0,0.0,0.0,0.0,0.0,0.0,0.0,0.0,0.0,196.0,0.0,0.0,2255.0,4223.0,0.0,0.0,24.0,0.0,0.0,6198.0,0.0,0.0,2255.0,12.0,0.0,0.0,4522.0,5223.0,0.0,0.0,0.0,0.0,0.0,0.0,0.0,0.0,0.0
1.0,0.0,0.0,0.0,0.0,0.0,0.0,1.0,0.0,0.0,0.0,1.0,0.0,0.0,0.0,0.0,0.0,0.0,0.0,0.0,0.0,0.0,1.0,0.0,0.0,0.0,0.0,1.0,0.0,0.0,0.0,0.0,66.0,45115.0,0.0,22648.0,41520.0,0.0,0.0,868.0,0.0,18689.0,25370.0,0.0,0.0,22649.0,6.0,0.0,0.0,50299.0,52429.0,0.0,0.0,0.0,0.0,0.0,0.0,0.0,0.0,0.0
1.0,0.0,0.0,0.0,0.0,0.0,0.0,1.0,1.0,0.0,0.0,1.0,0.0,0.0,0.0,0.0,0.0,0.0,0.0,0.0,0.0,0.0,1.0,0.0,0.0,0.0,0.0,1.0,0.0,0.0,0.0,0.0,66.0,46638.0,0.0,72443.0,25799.0,0.0,0.0,18.0,0.0,0.0,21593.0,0.0,0.0,25807.0,6.0,0.0,0.0,48066.0,54399.0,0.0,0.0,46630.0,0.0,0.0,0.0,0.0,0.0,0.0
1.0,0.0,0.0,0.0,0.0,0.0,0.0,0.0,1.0,0.0,0.0,1.0,0.0,1.0,0.0,0.0,0.0,0.0,0.0,0.0,1.0,0.0,1.0,0.0,0.0,0.0,0.0,0.0,0.0,0.0,0.0,0.0,163.0,10406.0,0.0,10406.0,20706.0,0.0,0.0,67.0,0.0,0.0,20719.0,0.0,0.0,10426.0,6.0,0.0,0.0,20838.0,21544.0,0.0,0.0,0.0,0.0,0.0,0.0,0.0,0.0,0.0
1.0,0.0,0.0,0.0,0.0,0.0,0.0,0.0,0.0,0.0,0.0,1.0,0.0,0.0,0.0,0.0,1.0,0.0,0.0,0.0,0.0,0.0,1.0,0.0,0.0,0.0,0.0,0.0,0.0,0.0,0.0,0.0,164.0,0.0,0.0,2043.0,2043.0,0.0,0.0,12.0,0.0,0.0,1917.0,0.0,0.0,2043.0,12.0,0.0,0.0,4098.0,4799.0,0.0,0.0,0.0,0.0,0.0,0.0,0.0,0.0,0.0
1.0,0.0,0.0,0.0,0.0,0.0,0.0,0.0,0.0,0.0,0.0,0.0,0.0,0.0,0.0,0.0,0.0,0.0,0.0,0.0,0.0,0.0,1.0,0.0,0.0,0.0,0.0,0.0,0.0,0.0,0.0,0.0,0.0,0.0,0.0,132774.0,0.0,0.0,0.0,0.0,0.0,0.0,442535.0,0.0,0.0,132776.0,0.0,0.0,0.0,132767.0,265511.0,0.0,0.0,0.0,0.0,0.0,0.0,0.0,0.0,0.0
1.0,0.0,0.0,0.0,0.0,1.0,1.0,1.0,0.0,0.0,0.0,1.0,0.0,0.0,0.0,0.0,1.0,1.0,0.0,0.0,1.0,1.0,1.0,0.0,0.0,0.0,1.0,1.0,1.0,0.0,0.0,0.0,238.0,0.0,0.0,19382.0,10499.0,0.0,0.0,60.0,0.0,0.0,7830.0,0.0,0.0,14538.0,6.0,0.0,0.0,24316.0,45000.0,19384.0,0.0,19383.0,0.0,0.0,0.0,0.0,0.0,0.0
1.0,0.0,0.0,0.0,0.0,0.0,0.0,0.0,0.0,0.0,0.0,1.0,0.0,0.0,0.0,0.0,0.0,0.0,0.0,0.0,1.0,0.0,1.0,0.0,0.0,0.0,0.0,0.0,0.0,0.0,0.0,0.0,4574.0,0.0,0.0,4691.0,4691.0,0.0,3989.0,862.0,0.0,0.0,8671.0,0.0,0.0,4691.0,3989.0,0.0,0.0,8680.0,5403.0,0.0,0.0,0.0,0.0,0.0,0.0,0.0,0.0,0.0
1.0,0.0,0.0,0.0,0.0,0.0,0.0,1.0,0.0,1.0,0.0,1.0,0.0,0.0,0.0,0.0,1.0,0.0,0.0,0.0,0.0,0.0,1.0,0.0,0.0,0.0,0.0,1.0,0.0,0.0,0.0,0.0,118.0,0.0,0.0,18091.0,12786.0,0.0,0.0,42.0,0.0,0.0,13808.0,0.0,0.0,9046.0,6.0,0.0,0.0,25766.0,30803.0,0.0,0.0,9046.0,0.0,0.0,0.0,0.0,0.0,0.0
1.0,0.0,0.0,0.0,0.0,0.0,1.0,0.0,1.0,1.0,0.0,1.0,0.0,0.0,0.0,0.0,0.0,0.0,0.0,0.0,0.0,0.0,0.0,0.0,0.0,0.0,0.0,0.0,0.0,0.0,0.0,0.0,26.0,2267.0,0.0,4533.0,6009.0,0.0,0.0,12.0,0.0,0.0,10959.0,0.0,0.0,6015.0,0.0,0.0,0.0,8281.0,15165.0,4532.0,0.0,0.0,0.0,0.0,0.0,0.0,0.0,0.0
1.0,0.0,0.0,0.0,0.0,0.0,0.0,1.0,0.0,0.0,0.0,1.0,0.0,0.0,0.0,0.0,0.0,0.0,0.0,0.0,0.0,0.0,0.0,0.0,0.0,0.0,0.0,1.0,0.0,0.0,0.0,0.0,0.0,0.0,0.0,25770.0,131273.0,0.0,0.0,0.0,0.0,0.0,0.0,0.0,0.0,52970.0,0.0,0.0,0.0,78740.0,157015.0,51542.0,0.0,25333.0,0.0,0.0,0.0,0.0,0.0,0.0
1.0,0.0,0.0,0.0,0.0,0.0,0.0,0.0,1.0,0.0,0.0,1.0,0.0,1.0,0.0,0.0,0.0,0.0,0.0,0.0,1.0,0.0,1.0,0.0,0.0,0.0,0.0,0.0,0.0,0.0,0.0,0.0,163.0,3555.0,0.0,3555.0,7003.0,0.0,0.0,67.0,0.0,0.0,7009.0,0.0,0.0,3568.0,6.0,0.0,0.0,7116.0,7823.0,0.0,0.0,0.0,0.0,0.0,0.0,0.0,0.0,0.0
1.0,0.0,0.0,0.0,0.0,0.0,0.0,0.0,0.0,1.0,0.0,1.0,0.0,0.0,0.0,0.0,0.0,0.0,0.0,0.0,0.0,0.0,1.0,0.0,0.0,0.0,0.0,1.0,0.0,0.0,0.0,0.0,53.0,77585.0,0.0,33930.0,20440.0,0.0,0.0,12.0,0.0,157768.0,17951.0,0.0,0.0,57057.0,6.0,0.0,0.0,19736.0,79272.0,57054.0,0.0,0.0,0.0,0.0,0.0,0.0,0.0,0.0
1.0,0.0,0.0,0.0,0.0,0.0,0.0,1.0,1.0,0.0,0.0,1.0,0.0,0.0,0.0,0.0,0.0,0.0,0.0,0.0,0.0,0.0,1.0,0.0,0.0,0.0,0.0,1.0,0.0,0.0,0.0,0.0,66.0,46642.0,0.0,72449.0,25799.0,0.0,0.0,18.0,0.0,0.0,21593.0,0.0,0.0,25810.0,6.0,0.0,0.0,48069.0,54402.0,0.0,0.0,46632.0,0.0,0.0,0.0,0.0,0.0,0.0
1.0,0.0,0.0,0.0,0.0,0.0,0.0,0.0,0.0,0.0,1.0,1.0,0.0,0.0,0.0,0.0,1.0,0.0,0.0,0.0,1.0,0.0,1.0,0.0,0.0,0.0,0.0,0.0,0.0,0.0,0.0,0.0,77.0,0.0,0.0,88350.0,14386.0,0.0,0.0,25.0,0.0,0.0,58527.0,0.0,0.0,66304.0,6.0,0.0,0.0,88411.0,177521.0,88404.0,0.0,66304.0,0.0,0.0,0.0,0.0,0.0,0.0
1.0,0.0,0.0,0.0,0.0,0.0,0.0,0.0,1.0,1.0,0.0,0.0,0.0,1.0,1.0,0.0,0.0,0.0,0.0,0.0,0.0,0.0,0.0,0.0,0.0,0.0,0.0,0.0,0.0,0.0,0.0,0.0,112.0,0.0,0.0,0.0,8923.0,0.0,0.0,916.0,0.0,0.0,4093.0,0.0,0.0,4093.0,0.0,0.0,0.0,6992.0,8926.0,0.0,0.0,0.0,0.0,0.0,0.0,0.0,0.0,0.0
1.0,0.0,0.0,0.0,0.0,0.0,0.0,0.0,0.0,0.0,0.0,1.0,0.0,0.0,0.0,1.0,1.0,0.0,0.0,0.0,0.0,0.0,0.0,0.0,1.0,0.0,0.0,0.0,0.0,0.0,0.0,0.0,41.0,1426.0,0.0,1426.0,2845.0,0.0,0.0,12.0,0.0,0.0,825.0,0.0,0.0,1426.0,0.0,0.0,0.0,1426.0,2019.0,0.0,0.0,0.0,0.0,0.0,0.0,0.0,0.0,0.0
1.0,0.0,0.0,0.0,0.0,0.0,1.0,1.0,0.0,0.0,0.0,1.0,0.0,0.0,0.0,0.0,1.0,0.0,0.0,0.0,0.0,0.0,0.0,0.0,1.0,0.0,0.0,0.0,0.0,0.0,0.0,0.0,48.0,0.0,0.0,1821.0,2843.0,0.0,0.0,18.0,0.0,0.0,2645.0,0.0,0.0,1821.0,0.0,0.0,0.0,1821.0,2414.0,0.0,0.0,0.0,0.0,0.0,0.0,0.0,0.0,0.0
1.0,0.0,0.0,0.0,0.0,0.0,1.0,0.0,0.0,0.0,0.0,1.0,0.0,0.0,0.0,0.0,1.0,0.0,0.0,0.0,0.0,1.0,0.0,0.0,0.0,0.0,1.0,0.0,0.0,0.0,0.0,0.0,153.0,3874.0,0.0,5481.0,8257.0,0.0,0.0,66.0,0.0,5482.0,10795.0,0.0,0.0,5482.0,0.0,0.0,0.0,9355.0,12083.0,0.0,0.0,0.0,0.0,0.0,0.0,0.0,0.0,0.0
1.0,0.0,0.0,0.0,0.0,0.0,0.0,0.0,0.0,0.0,0.0,1.0,0.0,0.0,0.0,0.0,0.0,0.0,0.0,0.0,0.0,0.0,1.0,0.0,0.0,0.0,0.0,1.0,0.0,0.0,0.0,0.0,53.0,35921.0,0.0,17953.0,35916.0,0.0,0.0,12.0,0.0,0.0,17951.0,0.0,0.0,35921.0,6.0,0.0,0.0,54591.0,91923.0,35912.0,0.0,35917.0,0.0,0.0,0.0,0.0,0.0,0.0
1.0,0.0,0.0,0.0,0.0,0.0,0.0,0.0,0.0,0.0,0.0,1.0,0.0,0.0,0.0,1.0,1.0,0.0,0.0,0.0,0.0,0.0,0.0,0.0,0.0,0.0,0.0,0.0,0.0,0.0,0.0,0.0,191.0,0.0,0.0,110.0,0.0,0.0,0.0,56.0,0.0,0.0,110.0,0.0,0.0,110.0,130.0,0.0,0.0,237.0,198.0,88.0,0.0,0.0,0.0,0.0,0.0,0.0,0.0,206.0
1.0,0.0,0.0,0.0,0.0,0.0,0.0,1.0,0.0,0.0,0.0,1.0,0.0,0.0,0.0,0.0,1.0,0.0,0.0,0.0,1.0,1.0,1.0,0.0,0.0,0.0,0.0,0.0,0.0,0.0,0.0,0.0,78.0,0.0,0.0,6399.0,6337.0,0.0,0.0,37.0,0.0,0.0,36265.0,0.0,0.0,6399.0,0.0,0.0,0.0,6371.0,9015.0,0.0,0.0,0.0,0.0,0.0,0.0,0.0,0.0,0.0
1.0,0.0,0.0,0.0,0.0,0.0,0.0,0.0,1.0,0.0,0.0,1.0,0.0,0.0,0.0,0.0,0.0,0.0,0.0,0.0,0.0,0.0,1.0,0.0,0.0,0.0,0.0,1.0,0.0,0.0,0.0,0.0,38.0,98373.0,0.0,32782.0,172627.0,0.0,0.0,6.0,0.0,131177.0,21279.0,0.0,0.0,131177.0,6.0,0.0,0.0,163963.0,307323.0,131156.0,0.0,32786.0,0.0,0.0,0.0,0.0,0.0,0.0
1.0,0.0,0.0,0.0,1.0,0.0,0.0,1.0,0.0,0.0,0.0,1.0,0.0,0.0,0.0,0.0,1.0,0.0,0.0,0.0,0.0,0.0,0.0,0.0,0.0,0.0,0.0,0.0,0.0,0.0,0.0,0.0,19.0,12900.0,0.0,4297.0,8583.0,0.0,0.0,6.0,0.0,21501.0,3695.0,0.0,0.0,12901.0,0.0,0.0,0.0,17918.0,32128.0,12897.0,0.0,0.0,0.0,0.0,0.0,0.0,0.0,0.0
1.0,0.0,0.0,0.0,1.0,0.0,0.0,1.0,0.0,1.0,0.0,1.0,0.0,0.0,0.0,0.0,0.0,0.0,0.0,0.0,0.0,0.0,0.0,0.0,0.0,0.0,0.0,0.0,0.0,0.0,0.0,0.0,2528.0,0.0,0.0,5854.0,10761.0,0.0,0.0,2467.0,0.0,0.0,16760.0,0.0,0.0,5854.0,55.0,0.0,0.0,5702.0,6180.0,0.0,0.0,0.0,0.0,0.0,0.0,0.0,0.0,0.0
1.0,0.0,0.0,0.0,0.0,0.0,0.0,0.0,1.0,0.0,0.0,1.0,0.0,1.0,0.0,0.0,0.0,0.0,0.0,0.0,1.0,0.0,1.0,0.0,0.0,0.0,0.0,0.0,0.0,0.0,0.0,0.0,150.0,0.0,0.0,6055.0,19558.0,0.0,0.0,61.0,0.0,0.0,5941.0,0.0,0.0,7458.0,6.0,0.0,0.0,13519.0,15626.0,0.0,0.0,0.0,0.0,0.0,0.0,0.0,0.0,0.0
1.0,0.0,0.0,0.0,0.0,0.0,0.0,0.0,1.0,1.0,0.0,0.0,0.0,0.0,0.0,0.0,1.0,0.0,0.0,0.0,1.0,0.0,1.0,0.0,0.0,0.0,0.0,0.0,0.0,0.0,0.0,0.0,18651.0,21724.0,0.0,65171.0,82640.0,0.0,0.0,1379.0,0.0,0.0,62117.0,0.0,0.0,43465.0,879.0,0.0,0.0,22608.0,67702.0,43448.0,0.0,0.0,0.0,0.0,0.0,0.0,0.0,0.0
1.0,0.0,0.0,0.0,0.0,0.0,0.0,0.0,1.0,0.0,0.0,1.0,0.0,0.0,0.0,0.0,0.0,0.0,0.0,0.0,1.0,1.0,0.0,0.0,0.0,0.0,0.0,0.0,0.0,0.0,0.0,0.0,19.0,2646.0,0.0,5292.0,5299.0,0.0,0.0,6.0,0.0,0.0,10882.0,0.0,0.0,5568.0,0.0,0.0,0.0,8214.0,16149.0,5292.0,0.0,0.0,0.0,0.0,0.0,0.0,0.0,0.0
1.0,0.0,0.0,0.0,1.0,0.0,0.0,1.0,0.0,0.0,0.0,1.0,0.0,0.0,0.0,0.0,0.0,0.0,0.0,1.0,0.0,0.0,0.0,0.0,1.0,0.0,0.0,0.0,0.0,0.0,0.0,0.0,57.0,0.0,0.0,32028.0,64010.0,0.0,0.0,6.0,0.0,0.0,0.0,0.0,0.0,16014.0,6.0,0.0,0.0,16020.0,31955.0,0.0,0.0,0.0,0.0,0.0,0.0,0.0,0.0,0.0
1.0,0.0,0.0,0.0,0.0,0.0,0.0,0.0,0.0,0.0,0.0,0.0,0.0,0.0,0.0,0.0,1.0,0.0,0.0,0.0,0.0,0.0,0.0,0.0,0.0,0.0,0.0,0.0,0.0,0.0,0.0,0.0,149.0,593.0,0.0,593.0,0.0,0.0,0.0,6.0,0.0,0.0,1271.0,0.0,0.0,1271.0,6.0,0.0,0.0,1277.0,1864.0,0.0,0.0,0.0,0.0,0.0,0.0,0.0,0.0,0.0
1.0,0.0,0.0,0.0,0.0,0.0,0.0,0.0,1.0,1.0,0.0,1.0,0.0,0.0,0.0,0.0,0.0,0.0,0.0,0.0,1.0,0.0,1.0,0.0,0.0,0.0,0.0,0.0,0.0,0.0,0.0,0.0,44.0,4414.0,0.0,19555.0,11016.0,0.0,0.0,6.0,0.0,0.0,4117.0,0.0,0.0,6602.0,6.0,0.0,0.0,11021.0,14198.0,0.0,0.0,2474.0,0.0,0.0,0.0,0.0,0.0,0.0
1.0,0.0,0.0,0.0,0.0,1.0,1.0,1.0,0.0,0.0,0.0,1.0,0.0,0.0,0.0,0.0,0.0,0.0,0.0,0.0,1.0,1.0,1.0,0.0,0.0,0.0,1.0,1.0,1.0,0.0,0.0,0.0,170.0,0.0,0.0,74234.0,43267.0,0.0,0.0,54.0,0.0,0.0,1341.0,0.0,0.0,54481.0,6.0,0.0,0.0,92401.0,181783.0,72640.0,0.0,90756.0,0.0,0.0,0.0,0.0,0.0,0.0
1.0,0.0,0.0,0.0,0.0,0.0,0.0,1.0,0.0,0.0,1.0,1.0,0.0,0.0,0.0,0.0,1.0,1.0,0.0,0.0,0.0,0.0,0.0,0.0,0.0,0.0,0.0,0.0,0.0,0.0,0.0,0.0,40.0,0.0,0.0,12757.0,37622.0,0.0,0.0,6.0,0.0,0.0,3642.0,0.0,0.0,12757.0,0.0,0.0,0.0,13469.0,23266.0,0.0,0.0,0.0,0.0,0.0,0.0,0.0,0.0,0.0
1.0,0.0,0.0,0.0,0.0,0.0,0.0,0.0,0.0,0.0,0.0,0.0,0.0,0.0,0.0,0.0,0.0,0.0,0.0,0.0,0.0,0.0,1.0,0.0,0.0,0.0,0.0,0.0,0.0,0.0,0.0,0.0,0.0,0.0,0.0,220891.0,0.0,0.0,0.0,0.0,0.0,0.0,2652523.0,0.0,0.0,331519.0,0.0,0.0,0.0,0.0,397723.0,176973.0,0.0,0.0,0.0,0.0,0.0,0.0,0.0,0.0
1.0,0.0,0.0,0.0,0.0,0.0,0.0,0.0,0.0,0.0,0.0,1.0,0.0,0.0,0.0,0.0,1.0,0.0,0.0,0.0,0.0,0.0,0.0,0.0,0.0,0.0,0.0,1.0,0.0,0.0,0.0,0.0,1005.0,939.0,0.0,939.0,0.0,0.0,912.0,43.0,0.0,0.0,2775.0,0.0,0.0,939.0,918.0,0.0,0.0,1835.0,917.0,0.0,0.0,0.0,0.0,0.0,0.0,0.0,0.0,0.0
1.0,0.0,0.0,0.0,0.0,0.0,0.0,0.0,0.0,0.0,0.0,1.0,0.0,0.0,0.0,0.0,0.0,0.0,0.0,0.0,1.0,1.0,1.0,0.0,0.0,0.0,0.0,0.0,0.0,0.0,0.0,0.0,49.0,0.0,0.0,3237.0,3215.0,0.0,0.0,25.0,0.0,0.0,7888.0,0.0,0.0,3237.0,0.0,0.0,0.0,3237.0,3950.0,0.0,0.0,0.0,0.0,0.0,0.0,0.0,0.0,0.0
1.0,0.0,0.0,0.0,0.0,0.0,0.0,0.0,0.0,0.0,0.0,1.0,0.0,0.0,0.0,0.0,0.0,0.0,0.0,1.0,0.0,0.0,0.0,0.0,1.0,0.0,0.0,1.0,1.0,0.0,0.0,0.0,57.0,0.0,0.0,16070.0,32097.0,0.0,0.0,6.0,0.0,0.0,0.0,0.0,0.0,8035.0,6.0,0.0,0.0,8041.0,16004.0,0.0,0.0,0.0,0.0,0.0,0.0,0.0,0.0,0.0
1.0,0.0,0.0,0.0,0.0,0.0,0.0,0.0,0.0,0.0,0.0,1.0,0.0,0.0,0.0,0.0,1.0,0.0,0.0,0.0,0.0,0.0,0.0,0.0,0.0,0.0,0.0,1.0,0.0,0.0,0.0,0.0,43.0,0.0,0.0,908.0,0.0,0.0,0.0,18.0,0.0,0.0,1394.0,0.0,0.0,908.0,0.0,0.0,0.0,2302.0,2302.0,0.0,0.0,0.0,0.0,0.0,0.0,0.0,0.0,0.0
1.0,0.0,0.0,0.0,0.0,0.0,0.0,1.0,0.0,1.0,0.0,1.0,0.0,0.0,0.0,0.0,1.0,0.0,0.0,0.0,0.0,0.0,1.0,0.0,0.0,0.0,0.0,1.0,0.0,0.0,0.0,0.0,105.0,0.0,0.0,18355.0,16472.0,0.0,0.0,36.0,0.0,0.0,10330.0,0.0,0.0,9178.0,6.0,0.0,0.0,32132.0,37702.0,0.0,0.0,9178.0,0.0,0.0,0.0,0.0,0.0,0.0
1.0,0.0,0.0,0.0,0.0,0.0,0.0,0.0,1.0,1.0,0.0,1.0,0.0,0.0,0.0,0.0,1.0,0.0,0.0,0.0,0.0,0.0,1.0,0.0,0.0,0.0,0.0,0.0,0.0,0.0,0.0,0.0,51.0,7722.0,0.0,7722.0,10334.0,0.0,0.0,12.0,0.0,0.0,16684.0,0.0,0.0,7129.0,6.0,0.0,0.0,14977.0,18113.0,0.0,0.0,0.0,0.0,0.0,0.0,0.0,0.0,0.0
1.0,0.0,0.0,0.0,0.0,0.0,0.0,0.0,0.0,0.0,0.0,0.0,0.0,1.0,0.0,0.0,0.0,0.0,0.0,0.0,1.0,0.0,1.0,1.0,0.0,0.0,0.0,0.0,0.0,0.0,0.0,0.0,18768.0,0.0,0.0,19323.0,18759.0,0.0,0.0,911.0,0.0,0.0,37973.0,0.0,0.0,19323.0,879.0,0.0,0.0,19640.0,18762.0,0.0,0.0,0.0,0.0,0.0,0.0,0.0,0.0,0.0
1.0,0.0,0.0,0.0,0.0,0.0,0.0,0.0,1.0,1.0,0.0,1.0,0.0,0.0,0.0,0.0,1.0,1.0,0.0,0.0,1.0,0.0,1.0,0.0,0.0,0.0,0.0,0.0,0.0,0.0,0.0,0.0,193.0,0.0,0.0,4672.0,5575.0,0.0,0.0,48.0,0.0,0.0,22151.0,0.0,0.0,4737.0,12.0,0.0,0.0,12.0,1426.0,0.0,0.0,0.0,0.0,0.0,0.0,0.0,0.0,0.0
1.0,0.0,0.0,0.0,0.0,0.0,0.0,0.0,1.0,1.0,0.0,1.0,0.0,0.0,0.0,0.0,1.0,0.0,0.0,0.0,0.0,0.0,0.0,0.0,0.0,0.0,0.0,1.0,0.0,0.0,0.0,0.0,128.0,4408.0,0.0,4408.0,11393.0,0.0,0.0,72.0,0.0,0.0,5860.0,0.0,0.0,4408.0,68.0,0.0,0.0,7146.0,8924.0,0.0,0.0,0.0,0.0,0.0,0.0,0.0,0.0,0.0
1.0,0.0,0.0,0.0,0.0,0.0,0.0,0.0,0.0,1.0,1.0,1.0,0.0,1.0,0.0,0.0,0.0,0.0,0.0,0.0,0.0,0.0,1.0,0.0,0.0,0.0,0.0,0.0,0.0,0.0,0.0,0.0,164.0,0.0,0.0,16540.0,31459.0,0.0,0.0,74.0,0.0,0.0,47355.0,0.0,0.0,16540.0,6.0,0.0,0.0,6.0,1246.0,0.0,0.0,0.0,0.0,0.0,0.0,0.0,0.0,0.0
1.0,0.0,0.0,0.0,0.0,0.0,0.0,0.0,0.0,0.0,1.0,1.0,0.0,0.0,0.0,0.0,1.0,1.0,0.0,0.0,0.0,0.0,1.0,0.0,0.0,0.0,0.0,0.0,0.0,0.0,0.0,0.0,78.0,0.0,0.0,23435.0,46308.0,0.0,0.0,12.0,0.0,0.0,37787.0,0.0,0.0,23435.0,6.0,0.0,0.0,46314.0,55513.0,0.0,0.0,0.0,0.0,0.0,0.0,0.0,0.0,0.0
1.0,0.0,0.0,0.0,0.0,0.0,0.0,1.0,1.0,0.0,0.0,1.0,0.0,0.0,0.0,0.0,0.0,0.0,0.0,0.0,0.0,0.0,1.0,0.0,0.0,0.0,0.0,1.0,0.0,0.0,0.0,0.0,51.0,76686.0,0.0,38332.0,583889.0,0.0,0.0,12.0,0.0,230096.0,25413.0,0.0,0.0,230096.0,6.0,0.0,0.0,269143.0,513539.0,230046.0,0.0,38338.0,0.0,0.0,0.0,0.0,0.0,0.0
1.0,0.0,0.0,0.0,0.0,0.0,0.0,1.0,0.0,0.0,0.0,1.0,0.0,0.0,0.0,0.0,1.0,0.0,0.0,0.0,0.0,0.0,0.0,0.0,0.0,0.0,0.0,0.0,0.0,0.0,0.0,0.0,28.0,0.0,0.0,1016.0,1016.0,0.0,0.0,12.0,0.0,0.0,423.0,0.0,0.0,1016.0,0.0,0.0,0.0,2032.0,2625.0,0.0,0.0,0.0,0.0,0.0,0.0,0.0,0.0,0.0
1.0,0.0,0.0,0.0,0.0,0.0,0.0,0.0,0.0,0.0,0.0,1.0,0.0,0.0,0.0,0.0,1.0,0.0,0.0,0.0,0.0,0.0,1.0,0.0,0.0,0.0,0.0,0.0,0.0,0.0,0.0,0.0,53.0,0.0,0.0,1761.0,1761.0,0.0,0.0,12.0,0.0,0.0,1168.0,0.0,0.0,1762.0,6.0,0.0,0.0,3529.0,4116.0,0.0,0.0,0.0,0.0,0.0,0.0,0.0,0.0,0.0
1.0,0.0,0.0,0.0,0.0,0.0,0.0,1.0,0.0,0.0,0.0,1.0,0.0,0.0,0.0,0.0,1.0,0.0,0.0,0.0,0.0,0.0,1.0,0.0,0.0,0.0,0.0,1.0,0.0,0.0,0.0,0.0,12555.0,0.0,0.0,42543.0,13954.0,0.0,0.0,854.0,0.0,0.0,14599.0,0.0,0.0,14941.0,843.0,0.0,0.0,30866.0,31207.0,0.0,0.0,14935.0,0.0,0.0,0.0,0.0,0.0,0.0
1.0,0.0,0.0,0.0,0.0,0.0,0.0,0.0,0.0,0.0,0.0,1.0,0.0,0.0,0.0,0.0,1.0,0.0,0.0,0.0,0.0,0.0,1.0,0.0,0.0,0.0,0.0,0.0,0.0,0.0,0.0,0.0,223.0,0.0,0.0,3247.0,0.0,0.0,0.0,25.0,0.0,0.0,6354.0,0.0,0.0,3247.0,19.0,0.0,0.0,6513.0,6494.0,0.0,0.0,0.0,0.0,0.0,0.0,0.0,0.0,0.0
1.0,0.0,0.0,0.0,0.0,0.0,0.0,1.0,0.0,0.0,1.0,1.0,0.0,1.0,0.0,1.0,1.0,0.0,0.0,0.0,0.0,0.0,0.0,0.0,1.0,0.0,0.0,0.0,0.0,0.0,0.0,0.0,362.0,0.0,0.0,4473.0,3748.0,0.0,0.0,202.0,0.0,0.0,29266.0,0.0,0.0,4473.0,110.0,0.0,0.0,13793.0,14395.0,0.0,0.0,0.0,0.0,0.0,0.0,0.0,0.0,0.0
1.0,0.0,0.0,0.0,0.0,0.0,0.0,0.0,0.0,0.0,0.0,1.0,0.0,0.0,0.0,1.0,1.0,0.0,0.0,0.0,0.0,0.0,0.0,0.0,0.0,0.0,0.0,0.0,0.0,0.0,0.0,0.0,13.0,0.0,0.0,30858.0,11705.0,0.0,0.0,6.0,0.0,0.0,5555.0,0.0,0.0,30887.0,0.0,0.0,0.0,37051.0,87741.0,49370.0,0.0,30874.0,0.0,0.0,0.0,0.0,0.0,0.0
1.0,0.0,0.0,0.0,0.0,0.0,0.0,0.0,0.0,0.0,0.0,1.0,0.0,0.0,0.0,0.0,1.0,0.0,0.0,0.0,0.0,0.0,1.0,0.0,0.0,0.0,0.0,0.0,0.0,0.0,0.0,0.0,164.0,0.0,0.0,2043.0,2043.0,0.0,0.0,12.0,0.0,0.0,1917.0,0.0,0.0,2043.0,12.0,0.0,0.0,4098.0,4799.0,0.0,0.0,0.0,0.0,0.0,0.0,0.0,0.0,0.0
1.0,0.0,0.0,0.0,0.0,0.0,1.0,1.0,0.0,0.0,0.0,1.0,0.0,0.0,0.0,0.0,0.0,0.0,0.0,0.0,0.0,1.0,1.0,0.0,0.0,0.0,1.0,1.0,0.0,0.0,0.0,0.0,205.0,300.0,0.0,15669.0,4527.0,0.0,0.0,72.0,0.0,787.0,4346.0,0.0,0.0,10513.0,6.0,0.0,0.0,18286.0,32296.0,14016.0,0.0,14017.0,0.0,0.0,0.0,0.0,0.0,0.0
1.0,0.0,0.0,0.0,0.0,0.0,0.0,0.0,1.0,1.0,0.0,1.0,0.0,1.0,0.0,0.0,0.0,0.0,0.0,0.0,1.0,0.0,1.0,0.0,0.0,0.0,0.0,0.0,0.0,0.0,0.0,0.0,2336.0,0.0,0.0,2791.0,4553.0,0.0,2054.0,935.0,0.0,0.0,14214.0,0.0,0.0,3545.0,2054.0,0.0,0.0,7879.0,6538.0,0.0,0.0,0.0,0.0,0.0,0.0,0.0,0.0,0.0
1.0,0.0,0.0,0.0,0.0,0.0,0.0,1.0,1.0,1.0,1.0,1.0,0.0,0.0,0.0,0.0,1.0,0.0,0.0,0.0,0.0,0.0,0.0,0.0,0.0,0.0,0.0,0.0,0.0,0.0,0.0,0.0,46.0,0.0,0.0,58090.0,7516.0,0.0,0.0,38.0,0.0,0.0,37407.0,0.0,0.0,58091.0,0.0,0.0,0.0,70421.0,166013.0,92944.0,0.0,58091.0,0.0,0.0,0.0,0.0,0.0,0.0
1.0,0.0,0.0,0.0,0.0,0.0,0.0,1.0,0.0,0.0,0.0,1.0,0.0,0.0,0.0,0.0,1.0,0.0,0.0,0.0,1.0,1.0,1.0,0.0,0.0,0.0,0.0,0.0,0.0,0.0,0.0,0.0,151.0,0.0,0.0,3961.0,3704.0,0.0,68.0,92.0,0.0,0.0,21385.0,0.0,0.0,3961.0,74.0,0.0,0.0,4021.0,6592.0,0.0,0.0,0.0,0.0,0.0,0.0,0.0,0.0,0.0
1.0,0.0,0.0,0.0,0.0,0.0,0.0,0.0,1.0,1.0,0.0,1.0,0.0,0.0,0.0,0.0,0.0,0.0,0.0,0.0,0.0,0.0,0.0,0.0,0.0,0.0,1.0,0.0,0.0,0.0,0.0,0.0,52.0,1410.0,0.0,2820.0,0.0,0.0,0.0,24.0,0.0,0.0,12826.0,0.0,0.0,4628.0,0.0,0.0,0.0,9610.0,13009.0,2820.0,0.0,0.0,0.0,0.0,0.0,0.0,0.0,0.0
1.0,0.0,0.0,0.0,1.0,0.0,1.0,0.0,1.0,1.0,1.0,1.0,0.0,1.0,0.0,0.0,0.0,0.0,0.0,0.0,0.0,0.0,0.0,0.0,0.0,0.0,0.0,0.0,0.0,0.0,0.0,0.0,171.0,0.0,0.0,2155.0,2006.0,0.0,0.0,86.0,0.0,0.0,9450.0,0.0,0.0,2155.0,0.0,0.0,0.0,4310.0,5023.0,0.0,0.0,0.0,0.0,0.0,0.0,0.0,0.0,0.0
1.0,0.0,0.0,0.0,0.0,0.0,0.0,0.0,0.0,1.0,0.0,1.0,0.0,0.0,0.0,0.0,0.0,0.0,0.0,0.0,0.0,0.0,0.0,0.0,0.0,0.0,0.0,1.0,1.0,0.0,0.0,0.0,175.0,0.0,0.0,5826.0,10750.0,0.0,0.0,171.0,0.0,0.0,16695.0,0.0,0.0,5826.0,55.0,0.0,0.0,5697.0,6175.0,0.0,0.0,0.0,0.0,0.0,0.0,0.0,0.0,0.0
1.0,0.0,0.0,0.0,0.0,0.0,0.0,0.0,0.0,0.0,0.0,0.0,0.0,1.0,0.0,0.0,0.0,0.0,0.0,0.0,1.0,0.0,1.0,1.0,0.0,0.0,0.0,0.0,0.0,0.0,0.0,0.0,150048.0,0.0,0.0,155152.0,309448.0,0.0,0.0,7240.0,0.0,0.0,828018.0,0.0,0.0,155159.0,7032.0,0.0,0.0,7032.0,5072.0,0.0,0.0,0.0,0.0,0.0,0.0,0.0,0.0,0.0
1.0,0.0,0.0,0.0,0.0,0.0,0.0,0.0,1.0,1.0,0.0,1.0,0.0,1.0,0.0,0.0,0.0,0.0,0.0,0.0,1.0,0.0,1.0,0.0,0.0,0.0,0.0,0.0,0.0,0.0,0.0,0.0,4385.0,0.0,0.0,5035.0,28016.0,0.0,3750.0,917.0,0.0,0.0,8244.0,0.0,0.0,6969.0,3750.0,0.0,0.0,15754.0,15181.0,0.0,0.0,0.0,0.0,0.0,0.0,0.0,0.0,0.0
1.0,0.0,0.0,0.0,0.0,0.0,1.0,1.0,0.0,0.0,0.0,1.0,0.0,0.0,0.0,0.0,0.0,0.0,0.0,0.0,0.0,1.0,1.0,0.0,0.0,0.0,1.0,1.0,0.0,0.0,0.0,0.0,66.0,8053.0,0.0,8053.0,8053.0,0.0,0.0,18.0,0.0,0.0,4261.0,0.0,0.0,8054.0,6.0,0.0,0.0,32219.0,38143.0,0.0,0.0,8054.0,0.0,0.0,0.0,0.0,0.0,0.0
1.0,0.0,0.0,0.0,0.0,0.0,0.0,0.0,0.0,0.0,0.0,1.0,0.0,0.0,0.0,0.0,1.0,0.0,0.0,0.0,1.0,0.0,1.0,0.0,0.0,0.0,0.0,0.0,0.0,0.0,0.0,0.0,4574.0,0.0,0.0,15852.0,9975.0,0.0,3989.0,862.0,0.0,0.0,8671.0,0.0,0.0,15853.0,3989.0,0.0,0.0,40979.0,59430.0,21136.0,0.0,15853.0,0.0,0.0,0.0,0.0,0.0,0.0
1.0,0.0,0.0,0.0,0.0,0.0,0.0,0.0,0.0,0.0,0.0,0.0,0.0,0.0,0.0,0.0,0.0,0.0,1.0,0.0,0.0,1.0,1.0,0.0,0.0,0.0,0.0,0.0,0.0,0.0,0.0,0.0,6.0,0.0,0.0,23992.0,25931.0,0.0,0.0,0.0,0.0,0.0,0.0,0.0,0.0,23993.0,0.0,0.0,0.0,47985.0,71929.0,0.0,0.0,0.0,0.0,0.0,0.0,0.0,0.0,0.0
1.0,0.0,0.0,0.0,0.0,0.0,0.0,0.0,0.0,0.0,0.0,1.0,0.0,0.0,0.0,0.0,1.0,0.0,0.0,0.0,0.0,0.0,1.0,0.0,0.0,0.0,0.0,0.0,0.0,0.0,0.0,0.0,185.0,2086.0,0.0,2086.0,2086.0,0.0,0.0,19.0,0.0,0.0,4035.0,0.0,0.0,2086.0,13.0,0.0,0.0,4185.0,4767.0,0.0,0.0,0.0,0.0,0.0,0.0,0.0,0.0,0.0
1.0,0.0,0.0,0.0,0.0,0.0,0.0,0.0,0.0,0.0,0.0,0.0,0.0,0.0,0.0,0.0,1.0,0.0,0.0,0.0,0.0,0.0,1.0,0.0,0.0,0.0,0.0,0.0,0.0,0.0,0.0,0.0,148.0,382.0,0.0,122.0,261.0,0.0,0.0,122.0,0.0,0.0,824.0,0.0,0.0,289.0,0.0,0.0,0.0,582.0,826.0,244.0,0.0,0.0,0.0,0.0,0.0,0.0,0.0,0.0
1.0,0.0,0.0,0.0,0.0,0.0,0.0,0.0,1.0,0.0,0.0,1.0,0.0,0.0,0.0,0.0,0.0,0.0,0.0,0.0,0.0,0.0,1.0,0.0,0.0,0.0,0.0,1.0,0.0,0.0,0.0,0.0,38.0,98346.0,0.0,32773.0,172585.0,0.0,0.0,6.0,0.0,131141.0,21279.0,0.0,0.0,131141.0,6.0,0.0,0.0,163918.0,307239.0,131116.0,0.0,32777.0,0.0,0.0,0.0,0.0,0.0,0.0
1.0,0.0,0.0,0.0,0.0,0.0,0.0,1.0,0.0,0.0,0.0,1.0,0.0,0.0,0.0,0.0,1.0,0.0,0.0,0.0,0.0,0.0,0.0,0.0,0.0,0.0,0.0,0.0,0.0,0.0,0.0,0.0,1015.0,964.0,0.0,964.0,0.0,0.0,912.0,43.0,0.0,0.0,2815.0,0.0,0.0,964.0,918.0,0.0,0.0,1845.0,927.0,0.0,0.0,0.0,0.0,0.0,0.0,0.0,0.0,0.0
1.0,0.0,0.0,0.0,0.0,0.0,0.0,0.0,0.0,1.0,1.0,1.0,0.0,0.0,0.0,0.0,0.0,0.0,1.0,0.0,0.0,0.0,0.0,0.0,0.0,0.0,1.0,1.0,0.0,0.0,0.0,0.0,74.0,0.0,0.0,4736.0,8315.0,0.0,0.0,38.0,0.0,0.0,22432.0,0.0,0.0,4736.0,0.0,0.0,0.0,14288.0,15580.0,0.0,0.0,0.0,0.0,0.0,0.0,0.0,0.0,0.0
1.0,0.0,0.0,0.0,0.0,0.0,0.0,0.0,0.0,0.0,0.0,1.0,0.0,0.0,0.0,1.0,1.0,0.0,0.0,0.0,0.0,0.0,0.0,0.0,0.0,0.0,0.0,0.0,0.0,0.0,0.0,0.0,191.0,0.0,0.0,110.0,0.0,0.0,0.0,56.0,0.0,0.0,110.0,0.0,0.0,110.0,130.0,0.0,0.0,303.0,264.0,88.0,0.0,0.0,0.0,0.0,0.0,0.0,0.0,206.0
